Version Name,_match_key,_match_source,_match_mode
23-add-catalog-product-to-order,,,
16-suspend-an-order,,,
07-open-help-context-app,,,
08-print-a-report,,,
09-enter-a-direct-order,,,
09-enter-a-direct-order,,,
04-advanced-search-techniques,,,
07-enter-quote-order,,,
04-adjust-line-items,,,
04view-job-in-bidding-calendar,,,
04-adjust-line-items,,,
03-unship-an-order,,,
01-ship-sales-order-include-addons,,,
11cancel-po,,,
11-run-expired-pricing-records-report,,,
11-run-expired-pricing-records-report,,,
21-view-units-of-measure,,,
csd-basics,,,
05-review-taxes-totals-payments-for-stock-customer-sales-order,,,
01filter-working-status,,,
02adjust-line-items,,,
01-log-in-to-sxe,,,
03change-working-status,,,
01ism-incident,,,
08-print-a-report,,,
03-review-the-shopping-list,,,
13-inquire-without-order-info,,,
