SourceFile,Module,Entity,SOP,SubSOP,FinalContext,UAP_Module,Doc_Name,Doc_File_Name,Doc_Parent_Name
FindModuleContext_Worklist_Resp_20251104_2020.csv,01-Create new vendor,,,,,01-Create new vendor,,,
FindModuleContext_Worklist_Resp_20251104_2020.csv,01-Enter Stock Customer Sales Order,,,,,01-Enter Stock Customer Sales Order,,,
FindModuleContext_Worklist_Resp_20251104_2020.csv,"01-Ship Sales Order, Include Addons",,,,,"01-Ship Sales Order, Include Addons",,,
FindModuleContext_Worklist_Resp_20251104_2020.csv,01.2_CSD Incident,,,,,01.2_CSD Incident,,,
FindModuleContext_Worklist_Resp_20251104_2020.csv,01_Add Items to Stock Customer Sales Order,,,,,01_Add Items to Stock Customer Sales Order,,,
FindModuleContext_Worklist_Resp_20251104_2020.csv,01_Copy Quote Order to a Stock Order,,,,,01_Copy Quote Order to a Stock Order,,,
FindModuleContext_Worklist_Resp_20251104_2020.csv,01_Create Invoice Process Group,,,,,01_Create Invoice Process Group,,,
FindModuleContext_Worklist_Resp_20251104_2020.csv,01_Create PMA Contract,,,,,01_Create PMA Contract,,,
FindModuleContext_Worklist_Resp_20251104_2020.csv,01_Create Purchase Order,,,,,01_Create Purchase Order,,,
FindModuleContext_Worklist_Resp_20251104_2020.csv,01_Create Rental Contract,,,,,01_Create Rental Contract,,,
FindModuleContext_Worklist_Resp_20251104_2020.csv,01_Create a Blanket Order,,,,,01_Create a Blanket Order,,,
FindModuleContext_Worklist_Resp_20251104_2020.csv,01_Create a Customer Unit,,,,,01_Create a Customer Unit,,,
FindModuleContext_Worklist_Resp_20251104_2020.csv,01_Customer Setup,,,,,01_Customer Setup,,,
FindModuleContext_Worklist_Resp_20251104_2020.csv,01_Enter Stock Customer Sales Order,,,,,01_Enter Stock Customer Sales Order,,,
FindModuleContext_Worklist_Resp_20251104_2020.csv,01_Enter an Invoice,,,,,01_Enter an Invoice,,,
FindModuleContext_Worklist_Resp_20251104_2020.csv,01_Filter Working Status,,,,,01_Filter Working Status,,,
FindModuleContext_Worklist_Resp_20251104_2020.csv,01_Generate RRAR,,,,,01_Generate RRAR,,,
FindModuleContext_Worklist_Resp_20251104_2020.csv,01_How to Use the Quote Modification,,,,,01_How to Use the Quote Modification,,,
FindModuleContext_Worklist_Resp_20251104_2020.csv,01_ISM Incident,,,,,01_ISM Incident,,,
FindModuleContext_Worklist_Resp_20251104_2020.csv,01_Initiate Vendor Return,,,,,01_Initiate Vendor Return,,,
FindModuleContext_Worklist_Resp_20251104_2020.csv,01_Manual Entry of a Warehouse Transfer,,,,,01_Manual Entry of a Warehouse Transfer,,,
FindModuleContext_Worklist_Resp_20251104_2020.csv,01_Order Inquiry,,,,,01_Order Inquiry,,,
FindModuleContext_Worklist_Resp_20251104_2020.csv,01_Partner Set Up,,,,,01_Partner Set Up,,,
FindModuleContext_Worklist_Resp_20251104_2020.csv,01_Perform Lookups in Customer Sales Order,,,,,01_Perform Lookups in Customer Sales Order,,,
FindModuleContext_Worklist_Resp_20251104_2020.csv,01_Price Correction,,,,,01_Price Correction,,,
FindModuleContext_Worklist_Resp_20251104_2020.csv,01_Print PO Expedite Report,,,,,01_Print PO Expedite Report,,,
FindModuleContext_Worklist_Resp_20251104_2020.csv,01_Process Core as Return Merchandise,,,,,01_Process Core as Return Merchandise,,,
FindModuleContext_Worklist_Resp_20251104_2020.csv,01_Product Inquiry,,,,,01_Product Inquiry,,,
FindModuleContext_Worklist_Resp_20251104_2020.csv,01_Purchase Order Submit PO to Vendor,,,,,01_Purchase Order Submit PO to Vendor,,,
FindModuleContext_Worklist_Resp_20251104_2020.csv,01_Release Credit Hold,,,,,01_Release Credit Hold,,,
FindModuleContext_Worklist_Resp_20251104_2020.csv,01_Review the Shopping List,,,,,01_Review the Shopping List,,,
FindModuleContext_Worklist_Resp_20251104_2020.csv,01_Run (ARRO) AR Open Activity Report,,,,,01_Run (ARRO) AR Open Activity Report,,,
FindModuleContext_Worklist_Resp_20251104_2020.csv,"01_Ship Sales Order, Include Addons",,,,,"01_Ship Sales Order, Include Addons",,,
FindModuleContext_Worklist_Resp_20251104_2020.csv,01_Travel to Site,,,,,01_Travel to Site,,,
FindModuleContext_Worklist_Resp_20251104_2020.csv,01_View Consolidation Info in Demand Center,,,,,01_View Consolidation Info in Demand Center,,,
FindModuleContext_Worklist_Resp_20251104_2020.csv,01_Wire Order Placement,,,,,01_Wire Order Placement,,,
FindModuleContext_Worklist_Resp_20251104_2020.csv,02-Add Items to Stock Customer Sales Order,,,,,02-Add Items to Stock Customer Sales Order,,,
FindModuleContext_Worklist_Resp_20251104_2020.csv,02-Enter stock customer sales order,,,,,02-Enter stock customer sales order,,,
FindModuleContext_Worklist_Resp_20251104_2020.csv,02_Add Items,,,,,02_Add Items,,,
FindModuleContext_Worklist_Resp_20251104_2020.csv,02_Add Items to PO and Finish It,,,,,02_Add Items to PO and Finish It,,,
FindModuleContext_Worklist_Resp_20251104_2020.csv,02_Add Rental Items,,,,,02_Add Rental Items,,,
FindModuleContext_Worklist_Resp_20251104_2020.csv,02_Add a Warranty to a Unit,,,,,02_Add a Warranty to a Unit,,,
FindModuleContext_Worklist_Resp_20251104_2020.csv,02_Adjust Line Items,,,,,02_Adjust Line Items,,,
FindModuleContext_Worklist_Resp_20251104_2020.csv,02_Approving a Warehouse Transfer That is on Hold,,,,,02_Approving a Warehouse Transfer That is on Hold,,,
FindModuleContext_Worklist_Resp_20251104_2020.csv,02_Copy Customer Sales Order,,,,,02_Copy Customer Sales Order,,,
FindModuleContext_Worklist_Resp_20251104_2020.csv,"02_Customer Inquiry with Past Due Invoices, Large Dollar Amount Balance",,,,,"02_Customer Inquiry with Past Due Invoices, Large Dollar Amount Balance",,,
FindModuleContext_Worklist_Resp_20251104_2020.csv,02_Determining Extra Stock to Order,,,,,02_Determining Extra Stock to Order,,,
FindModuleContext_Worklist_Resp_20251104_2020.csv,02_Enter a Credit Memo,,,,,02_Enter a Credit Memo,,,
FindModuleContext_Worklist_Resp_20251104_2020.csv,02_Enter a Quote Order,,,,,02_Enter a Quote Order,,,
FindModuleContext_Worklist_Resp_20251104_2020.csv,02_Merge POs_Print POs_Generate Exception Report,,,,,02_Merge POs_Print POs_Generate Exception Report,,,
FindModuleContext_Worklist_Resp_20251104_2020.csv,02_Partners Schedule Set Up,,,,,02_Partners Schedule Set Up,,,
FindModuleContext_Worklist_Resp_20251104_2020.csv,02_Perform Site Work,,,,,02_Perform Site Work,,,
FindModuleContext_Worklist_Resp_20251104_2020.csv,02_Print Inventory Turnover Report,,,,,02_Print Inventory Turnover Report,,,
FindModuleContext_Worklist_Resp_20251104_2020.csv,02_Print Pick Ticket,,,,,02_Print Pick Ticket,,,
FindModuleContext_Worklist_Resp_20251104_2020.csv,02_Purchase Order Maintain PO,,,,,02_Purchase Order Maintain PO,,,
FindModuleContext_Worklist_Resp_20251104_2020.csv,"02_Review Taxes, Totals, Payments for Stock Customer Sales Order",,,,,"02_Review Taxes, Totals, Payments for Stock Customer Sales Order",,,
FindModuleContext_Worklist_Resp_20251104_2020.csv,02_Run either the IC Entry Cycle Count Report or the IC Entry Physical Count Report,,,,,02_Run either the IC Entry Cycle Count Report or the IC Entry Physical Count Report,,,
FindModuleContext_Worklist_Resp_20251104_2020.csv,02_Ship-to Setup,,,,,02_Ship-to Setup,,,
FindModuleContext_Worklist_Resp_20251104_2020.csv,02_Use Order Inquiry to Search Orders,,,,,02_Use Order Inquiry to Search Orders,,,
FindModuleContext_Worklist_Resp_20251104_2020.csv,02_Verify Customer Eligibility,,,,,02_Verify Customer Eligibility,,,
FindModuleContext_Worklist_Resp_20251104_2020.csv,02_View RRAR Records,,,,,02_View RRAR Records,,,
FindModuleContext_Worklist_Resp_20251104_2020.csv,03-Add Items to PO and Finish It,,,,,03-Add Items to PO and Finish It,,,
FindModuleContext_Worklist_Resp_20251104_2020.csv,03-Create invoice process group,,,,,03-Create invoice process group,,,
FindModuleContext_Worklist_Resp_20251104_2020.csv,03-Enter an invoice,,,,,03-Enter an invoice,,,
FindModuleContext_Worklist_Resp_20251104_2020.csv,03-Review the Shopping List,,,,,03-Review the Shopping List,,,
FindModuleContext_Worklist_Resp_20251104_2020.csv,03-Unship an Order,,,,,03-Unship an Order,,,
FindModuleContext_Worklist_Resp_20251104_2020.csv,03.5_Perform Lookups in a PO,,,,,03.5_Perform Lookups in a PO,,,
FindModuleContext_Worklist_Resp_20251104_2020.csv,03_Acknowledge Purchase Order,,,,,03_Acknowledge Purchase Order,,,
FindModuleContext_Worklist_Resp_20251104_2020.csv,03_Blanket POs,,,,,03_Blanket POs,,,
FindModuleContext_Worklist_Resp_20251104_2020.csv,03_Change Working Status,,,,,03_Change Working Status,,,
FindModuleContext_Worklist_Resp_20251104_2020.csv,03_Enter Stock Sales Order and Change Line Items,,,,,03_Enter Stock Sales Order and Change Line Items,,,
FindModuleContext_Worklist_Resp_20251104_2020.csv,03_Enter a Direct Order,,,,,03_Enter a Direct Order,,,
FindModuleContext_Worklist_Resp_20251104_2020.csv,03_Establish Job Entry,,,,,03_Establish Job Entry,,,
FindModuleContext_Worklist_Resp_20251104_2020.csv,03_Generate IC Admin Review Cycle Adjustment Report,,,,,03_Generate IC Admin Review Cycle Adjustment Report,,,
FindModuleContext_Worklist_Resp_20251104_2020.csv,03_Incident to SRO,,,,,03_Incident to SRO,,,
FindModuleContext_Worklist_Resp_20251104_2020.csv,03_Inquire on Vendor Info,,,,,03_Inquire on Vendor Info,,,
FindModuleContext_Worklist_Resp_20251104_2020.csv,03_Order Inquiries,,,,,03_Order Inquiries,,,
FindModuleContext_Worklist_Resp_20251104_2020.csv,03_Print Count Sheets,,,,,03_Print Count Sheets,,,
FindModuleContext_Worklist_Resp_20251104_2020.csv,03_Print Fill Report by Class Report,,,,,03_Print Fill Report by Class Report,,,
FindModuleContext_Worklist_Resp_20251104_2020.csv,03_Print Rental Agreement,,,,,03_Print Rental Agreement,,,
FindModuleContext_Worklist_Resp_20251104_2020.csv,03_Purchase Order Apply Add Ons and Discounts,,,,,03_Purchase Order Apply Add Ons and Discounts,,,
FindModuleContext_Worklist_Resp_20251104_2020.csv,03_Review and Modify RRAR Record,,,,,03_Review and Modify RRAR Record,,,
FindModuleContext_Worklist_Resp_20251104_2020.csv,03_Run Customer Statement (ARES),,,,,03_Run Customer Statement (ARES),,,
FindModuleContext_Worklist_Resp_20251104_2020.csv,03_Run the Aging Report,,,,,03_Run the Aging Report,,,
FindModuleContext_Worklist_Resp_20251104_2020.csv,03_Shipping Feedback for Start Up,,,,,03_Shipping Feedback for Start Up,,,
FindModuleContext_Worklist_Resp_20251104_2020.csv,03_Short Pay with Sales Tax,,,,,03_Short Pay with Sales Tax,,,
FindModuleContext_Worklist_Resp_20251104_2020.csv,03_Use Order Inquiry to Search for Orders,,,,,03_Use Order Inquiry to Search for Orders,,,
FindModuleContext_Worklist_Resp_20251104_2020.csv,04-Adjust Line Items,,,,,04-Adjust Line Items,,,
FindModuleContext_Worklist_Resp_20251104_2020.csv,04-Enter a credit memo,,,,,04-Enter a credit memo,,,
FindModuleContext_Worklist_Resp_20251104_2020.csv,04-Enter and process expense invoice,,,,,04-Enter and process expense invoice,,,
FindModuleContext_Worklist_Resp_20251104_2020.csv,04-Perform Lookups in a PO,,,,,04-Perform Lookups in a PO,,,
FindModuleContext_Worklist_Resp_20251104_2020.csv,04.5_Create Warehouse Transfer,,,,,04.5_Create Warehouse Transfer,,,
FindModuleContext_Worklist_Resp_20251104_2020.csv,04_(ARRT) Run Trial Balance Report,,,,,04_(ARRT) Run Trial Balance Report,,,
FindModuleContext_Worklist_Resp_20251104_2020.csv,04_Accumulative POs,,,,,04_Accumulative POs,,,
FindModuleContext_Worklist_Resp_20251104_2020.csv,"04_Add Comments, Notes to Customer Sales Order",,,,,"04_Add Comments, Notes to Customer Sales Order",,,
FindModuleContext_Worklist_Resp_20251104_2020.csv,04_Add Re Rent Items,,,,,04_Add Re Rent Items,,,
FindModuleContext_Worklist_Resp_20251104_2020.csv,04_Bill Contract,,,,,04_Bill Contract,,,
FindModuleContext_Worklist_Resp_20251104_2020.csv,04_Change Operations,,,,,04_Change Operations,,,
FindModuleContext_Worklist_Resp_20251104_2020.csv,"04_Change Vendor Invoice - Due Date, Discount Rate",,,,,"04_Change Vendor Invoice - Due Date, Discount Rate",,,
FindModuleContext_Worklist_Resp_20251104_2020.csv,04_Create a Release,,,,,04_Create a Release,,,
FindModuleContext_Worklist_Resp_20251104_2020.csv,04_Create a Start Up Incident,,,,,04_Create a Start Up Incident,,,
FindModuleContext_Worklist_Resp_20251104_2020.csv,04_Enter a Counter Sales Order and Record Tender Payments,,,,,04_Enter a Counter Sales Order and Record Tender Payments,,,
FindModuleContext_Worklist_Resp_20251104_2020.csv,04_Enter the Count into CSD Using Count Entry Function,,,,,04_Enter the Count into CSD Using Count Entry Function,,,
FindModuleContext_Worklist_Resp_20251104_2020.csv,04_Finish the Purchase Order,,,,,04_Finish the Purchase Order,,,
FindModuleContext_Worklist_Resp_20251104_2020.csv,04_Generate IC Admin Inventory Classification and Rank Report,,,,,04_Generate IC Admin Inventory Classification and Rank Report,,,
FindModuleContext_Worklist_Resp_20251104_2020.csv,04_Maintaining a Warehouse Tranfer,,,,,04_Maintaining a Warehouse Tranfer,,,
FindModuleContext_Worklist_Resp_20251104_2020.csv,04_Perform a Credit Review on a Customer Account,,,,,04_Perform a Credit Review on a Customer Account,,,
FindModuleContext_Worklist_Resp_20251104_2020.csv,04_Print Gap Report,,,,,04_Print Gap Report,,,
FindModuleContext_Worklist_Resp_20251104_2020.csv,04_Quick Create SRO,,,,,04_Quick Create SRO,,,
FindModuleContext_Worklist_Resp_20251104_2020.csv,04_Returned Check,,,,,04_Returned Check,,,
FindModuleContext_Worklist_Resp_20251104_2020.csv,04_Review Line Item Details,,,,,04_Review Line Item Details,,,
FindModuleContext_Worklist_Resp_20251104_2020.csv,04_View Job in Bidding Calendar,,,,,04_View Job in Bidding Calendar,,,
FindModuleContext_Worklist_Resp_20251104_2020.csv,04_View Units of Measure,,,,,04_View Units of Measure,,,
FindModuleContext_Worklist_Resp_20251104_2020.csv,05-Account inquiry and report,,,,,05-Account inquiry and report,,,
FindModuleContext_Worklist_Resp_20251104_2020.csv,05-Apply payment with debit memo,,,,,05-Apply payment with debit memo,,,
FindModuleContext_Worklist_Resp_20251104_2020.csv,05-Create Warehouse Transfer,,,,,05-Create Warehouse Transfer,,,
FindModuleContext_Worklist_Resp_20251104_2020.csv,05-Inquire on vendor info,,,,,05-Inquire on vendor info,,,
FindModuleContext_Worklist_Resp_20251104_2020.csv,"05-Review Taxes, Totals, Payments for Stock Customer Sales Order",,,,,"05-Review Taxes, Totals, Payments for Stock Customer Sales Order",,,
FindModuleContext_Worklist_Resp_20251104_2020.csv,05_(ARRP) Period Analysis Report,,,,,05_(ARRP) Period Analysis Report,,,
FindModuleContext_Worklist_Resp_20251104_2020.csv,05_Add Bidder Details to Project Entry,,,,,05_Add Bidder Details to Project Entry,,,
FindModuleContext_Worklist_Resp_20251104_2020.csv,05_Add SRO Lines,,,,,05_Add SRO Lines,,,
FindModuleContext_Worklist_Resp_20251104_2020.csv,05_Add Special Order Product to Sales Order,,,,,05_Add Special Order Product to Sales Order,,,
FindModuleContext_Worklist_Resp_20251104_2020.csv,05_Add Start Up Notes,,,,,05_Add Start Up Notes,,,
FindModuleContext_Worklist_Resp_20251104_2020.csv,05_Apply Payment to Invoice,,,,,05_Apply Payment to Invoice,,,
FindModuleContext_Worklist_Resp_20251104_2020.csv,05_Locate PO Using PO Inquiry,,,,,05_Locate PO Using PO Inquiry,,,
FindModuleContext_Worklist_Resp_20251104_2020.csv,05_Manually Apply Hold and Approve Held Order,,,,,05_Manually Apply Hold and Approve Held Order,,,
FindModuleContext_Worklist_Resp_20251104_2020.csv,05_Notes on a Warehouse Transfer,,,,,05_Notes on a Warehouse Transfer,,,
FindModuleContext_Worklist_Resp_20251104_2020.csv,05_Perform Shipping Feedback to Ship Order,,,,,05_Perform Shipping Feedback to Ship Order,,,
FindModuleContext_Worklist_Resp_20251104_2020.csv,05_Print Surplus Stock Report,,,,,05_Print Surplus Stock Report,,,
FindModuleContext_Worklist_Resp_20251104_2020.csv,05_Returning a Core Product,,,,,05_Returning a Core Product,,,
FindModuleContext_Worklist_Resp_20251104_2020.csv,05_Run OEEPC,,,,,05_Run OEEPC,,,
FindModuleContext_Worklist_Resp_20251104_2020.csv,05_Run the Reconciliation Report,,,,,05_Run the Reconciliation Report,,,
FindModuleContext_Worklist_Resp_20251104_2020.csv,05_Set Up Split Payment for Invoice in Entered Stage,,,,,05_Set Up Split Payment for Invoice in Entered Stage,,,
FindModuleContext_Worklist_Resp_20251104_2020.csv,05_Update or Validate Quantities Needed,,,,,05_Update or Validate Quantities Needed,,,
FindModuleContext_Worklist_Resp_20251104_2020.csv,"06-Change vendor invoice - due date, discount rate",,,,,"06-Change vendor invoice - due date, discount rate",,,
FindModuleContext_Worklist_Resp_20251104_2020.csv,06-Locate PO using PO Inquiry,,,,,06-Locate PO using PO Inquiry,,,
FindModuleContext_Worklist_Resp_20251104_2020.csv,06-Perform Lookups in Customer Sales Order,,,,,06-Perform Lookups in Customer Sales Order,,,
FindModuleContext_Worklist_Resp_20251104_2020.csv,06_Accept Replenishments,,,,,06_Accept Replenishments,,,
FindModuleContext_Worklist_Resp_20251104_2020.csv,06_Add Line,,,,,06_Add Line,,,
FindModuleContext_Worklist_Resp_20251104_2020.csv,06_Add Operations,,,,,06_Add Operations,,,
FindModuleContext_Worklist_Resp_20251104_2020.csv,06_Add Vendor Details to Project Entry,,,,,06_Add Vendor Details to Project Entry,,,
FindModuleContext_Worklist_Resp_20251104_2020.csv,06_Apply Payment to Multiple Invoices,,,,,06_Apply Payment to Multiple Invoices,,,
FindModuleContext_Worklist_Resp_20251104_2020.csv,06_Canceling a Warehouse Transfer,,,,,06_Canceling a Warehouse Transfer,,,
FindModuleContext_Worklist_Resp_20251104_2020.csv,06_Change PO,,,,,06_Change PO,,,
FindModuleContext_Worklist_Resp_20251104_2020.csv,06_Change Payment to Split Payment Schedule,,,,,06_Change Payment to Split Payment Schedule,,,
FindModuleContext_Worklist_Resp_20251104_2020.csv,06_Create a Warranty Code,,,,,06_Create a Warranty Code,,,
FindModuleContext_Worklist_Resp_20251104_2020.csv,06_Enter a Non-Stock Product on an Order,,,,,06_Enter a Non-Stock Product on an Order,,,
FindModuleContext_Worklist_Resp_20251104_2020.csv,06_ISM Invoice,,,,,06_ISM Invoice,,,
FindModuleContext_Worklist_Resp_20251104_2020.csv,06_Print Re Rent PO,,,,,06_Print Re Rent PO,,,
FindModuleContext_Worklist_Resp_20251104_2020.csv,06_Returning an Acknowledged PO to the Printed Stage,,,,,06_Returning an Acknowledged PO to the Printed Stage,,,
FindModuleContext_Worklist_Resp_20251104_2020.csv,06_Review Exception Processing Center Screen,,,,,06_Review Exception Processing Center Screen,,,
FindModuleContext_Worklist_Resp_20251104_2020.csv,06_Run AR Year End Processing Report,,,,,06_Run AR Year End Processing Report,,,
FindModuleContext_Worklist_Resp_20251104_2020.csv,06_Suspend an Order,,,,,06_Suspend an Order,,,
FindModuleContext_Worklist_Resp_20251104_2020.csv,07-Apply payment to invoice,,,,,07-Apply payment to invoice,,,
FindModuleContext_Worklist_Resp_20251104_2020.csv,07-Enter Quote Order,,,,,07-Enter Quote Order,,,
FindModuleContext_Worklist_Resp_20251104_2020.csv,07-Inquire on product availability,,,,,07-Inquire on product availability,,,
FindModuleContext_Worklist_Resp_20251104_2020.csv,07-Set up split payment for invoice in Entered stage,,,,,07-Set up split payment for invoice in Entered stage,,,
FindModuleContext_Worklist_Resp_20251104_2020.csv,07_Add Planned Transactions,,,,,07_Add Planned Transactions,,,
FindModuleContext_Worklist_Resp_20251104_2020.csv,07_Adjust RARR Quantities Using Increase-Decrease Function in PO Demand Center,,,,,07_Adjust RARR Quantities Using Increase-Decrease Function in PO Demand Center,,,
FindModuleContext_Worklist_Resp_20251104_2020.csv,07_Apply Payment to Oldest Invoice,,,,,07_Apply Payment to Oldest Invoice,,,
FindModuleContext_Worklist_Resp_20251104_2020.csv,07_Copy PO,,,,,07_Copy PO,,,
FindModuleContext_Worklist_Resp_20251104_2020.csv,07_Edit Entered Counts,,,,,07_Edit Entered Counts,,,
FindModuleContext_Worklist_Resp_20251104_2020.csv,07_Enter a Return Order,,,,,07_Enter a Return Order,,,
FindModuleContext_Worklist_Resp_20251104_2020.csv,07_Mark Accepted,,,,,07_Mark Accepted,,,
FindModuleContext_Worklist_Resp_20251104_2020.csv,07_Perform a Reversal,,,,,07_Perform a Reversal,,,
FindModuleContext_Worklist_Resp_20251104_2020.csv,07_Receive Re Rent PO,,,,,07_Receive Re Rent PO,,,
FindModuleContext_Worklist_Resp_20251104_2020.csv,07_Run WT Entry Recommended Replenishment Action Report,,,,,07_Run WT Entry Recommended Replenishment Action Report,,,
FindModuleContext_Worklist_Resp_20251104_2020.csv,07_Tying a PO RM to a Sales Order Line,,,,,07_Tying a PO RM to a Sales Order Line,,,
FindModuleContext_Worklist_Resp_20251104_2020.csv,07_Tying a Warehouse Transfer to a Customer Order,,,,,07_Tying a Warehouse Transfer to a Customer Order,,,
FindModuleContext_Worklist_Resp_20251104_2020.csv,08-Apply payment to multiple invoices,,,,,08-Apply payment to multiple invoices,,,
FindModuleContext_Worklist_Resp_20251104_2020.csv,08-Change payment to split payment schedule,,,,,08-Change payment to split payment schedule,,,
FindModuleContext_Worklist_Resp_20251104_2020.csv,08-Copy Quote Order to a Stock Order,,,,,08-Copy Quote Order to a Stock Order,,,
FindModuleContext_Worklist_Resp_20251104_2020.csv,08-Print count sheets,,,,,08-Print count sheets,,,
FindModuleContext_Worklist_Resp_20251104_2020.csv,08_Add a Non-Stock,,,,,08_Add a Non-Stock,,,
FindModuleContext_Worklist_Resp_20251104_2020.csv,08_Check Out Rental,,,,,08_Check Out Rental,,,
FindModuleContext_Worklist_Resp_20251104_2020.csv,08_Correcting an Over Under Receipt,,,,,08_Correcting an Over Under Receipt,,,
FindModuleContext_Worklist_Resp_20251104_2020.csv,08_Create Quote PO with Notes and Comments,,,,,08_Create Quote PO with Notes and Comments,,,
FindModuleContext_Worklist_Resp_20251104_2020.csv,08_Enter a Credit Memo,,,,,08_Enter a Credit Memo,,,
FindModuleContext_Worklist_Resp_20251104_2020.csv,08_Make a Product Serialized,,,,,08_Make a Product Serialized,,,
FindModuleContext_Worklist_Resp_20251104_2020.csv,08_Mark Reconciled,,,,,08_Mark Reconciled,,,
FindModuleContext_Worklist_Resp_20251104_2020.csv,08_Process Short Payment,,,,,08_Process Short Payment,,,
FindModuleContext_Worklist_Resp_20251104_2020.csv,08_Register Unit,,,,,08_Register Unit,,,
FindModuleContext_Worklist_Resp_20251104_2020.csv,08_Run Physical Count Sheet,,,,,08_Run Physical Count Sheet,,,
FindModuleContext_Worklist_Resp_20251104_2020.csv,09-Apply payment to oldest invoice,,,,,09-Apply payment to oldest invoice,,,
FindModuleContext_Worklist_Resp_20251104_2020.csv,09-Enter a Direct Order,,,,,09-Enter a Direct Order,,,
FindModuleContext_Worklist_Resp_20251104_2020.csv,09-Perform a reversal,,,,,09-Perform a reversal,,,
FindModuleContext_Worklist_Resp_20251104_2020.csv,09.3_Run Results Report in ICEPW,,,,,09.3_Run Results Report in ICEPW,,,
FindModuleContext_Worklist_Resp_20251104_2020.csv,09_Apply Short Payment with Write-Off,,,,,09_Apply Short Payment with Write-Off,,,
FindModuleContext_Worklist_Resp_20251104_2020.csv,09_Check In Rental,,,,,09_Check In Rental,,,
FindModuleContext_Worklist_Resp_20251104_2020.csv,09_Consolidate Multiple RRARS for Different Vendor Product Lines or Warehouses,,,,,09_Consolidate Multiple RRARS for Different Vendor Product Lines or Warehouses,,,
FindModuleContext_Worklist_Resp_20251104_2020.csv,09_Correcting a Wrong Product Receipt,,,,,09_Correcting a Wrong Product Receipt,,,
FindModuleContext_Worklist_Resp_20251104_2020.csv,09_Enter a Misc Credit,,,,,09_Enter a Misc Credit,,,
FindModuleContext_Worklist_Resp_20251104_2020.csv,09_Order Inquiry Using a Serial Number,,,,,09_Order Inquiry Using a Serial Number,,,
FindModuleContext_Worklist_Resp_20251104_2020.csv,09_Print PO,,,,,09_Print PO,,,
FindModuleContext_Worklist_Resp_20251104_2020.csv,10-Enter Counter Sales Order and Record Tender Payments,,,,,10-Enter Counter Sales Order and Record Tender Payments,,,
FindModuleContext_Worklist_Resp_20251104_2020.csv,10-Enter a credit memo,,,,,10-Enter a credit memo,,,
FindModuleContext_Worklist_Resp_20251104_2020.csv,10-Process short payment,,,,,10-Process short payment,,,
FindModuleContext_Worklist_Resp_20251104_2020.csv,10_Apply Hold and Approve Held PO,,,,,10_Apply Hold and Approve Held PO,,,
FindModuleContext_Worklist_Resp_20251104_2020.csv,10_Apply Payment with Unearned Discount,,,,,10_Apply Payment with Unearned Discount,,,
FindModuleContext_Worklist_Resp_20251104_2020.csv,10_Close Rental,,,,,10_Close Rental,,,
FindModuleContext_Worklist_Resp_20251104_2020.csv,10_Correcting a Wrong Cost Receipt,,,,,10_Correcting a Wrong Cost Receipt,,,
FindModuleContext_Worklist_Resp_20251104_2020.csv,10_Enter a Debit Memo,,,,,10_Enter a Debit Memo,,,
FindModuleContext_Worklist_Resp_20251104_2020.csv,10_Receive the Non-Stock,,,,,10_Receive the Non-Stock,,,
FindModuleContext_Worklist_Resp_20251104_2020.csv,11-Apply short payment with write-off,,,,,11-Apply short payment with write-off,,,
FindModuleContext_Worklist_Resp_20251104_2020.csv,11-Enter a misc credit,,,,,11-Enter a misc credit,,,
FindModuleContext_Worklist_Resp_20251104_2020.csv,11-Manually Apply Hold and Approve Held PO,,,,,11-Manually Apply Hold and Approve Held PO,,,
FindModuleContext_Worklist_Resp_20251104_2020.csv,11-Use Order Inquiry to Search for Orders,,,,,11-Use Order Inquiry to Search for Orders,,,
FindModuleContext_Worklist_Resp_20251104_2020.csv,11_Adjust Inventory to Unavailable,,,,,11_Adjust Inventory to Unavailable,,,
FindModuleContext_Worklist_Resp_20251104_2020.csv,11_Apply Payment Using Split Check,,,,,11_Apply Payment Using Split Check,,,
FindModuleContext_Worklist_Resp_20251104_2020.csv,11_Cancel PO,,,,,11_Cancel PO,,,
FindModuleContext_Worklist_Resp_20251104_2020.csv,11_Change Billing Details,,,,,11_Change Billing Details,,,
FindModuleContext_Worklist_Resp_20251104_2020.csv,11_Merge POs_Print POs_Genrerate Exception Report,,,,,11_Merge POs_Print POs_Genrerate Exception Report,,,
FindModuleContext_Worklist_Resp_20251104_2020.csv,11_Schedule Service,,,,,11_Schedule Service,,,
FindModuleContext_Worklist_Resp_20251104_2020.csv,12-Apply payment with unearned discount,,,,,12-Apply payment with unearned discount,,,
FindModuleContext_Worklist_Resp_20251104_2020.csv,12-Enter Stock Sales Order and Change Line Items,,,,,12-Enter Stock Sales Order and Change Line Items,,,
FindModuleContext_Worklist_Resp_20251104_2020.csv,12-Enter a debit memo,,,,,12-Enter a debit memo,,,
FindModuleContext_Worklist_Resp_20251104_2020.csv,12_Apply Credit to Invoice,,,,,12_Apply Credit to Invoice,,,
FindModuleContext_Worklist_Resp_20251104_2020.csv,12_Posting Transactions,,,,,12_Posting Transactions,,,
FindModuleContext_Worklist_Resp_20251104_2020.csv,12_Receive Vendor RM PO,,,,,12_Receive Vendor RM PO,,,
FindModuleContext_Worklist_Resp_20251104_2020.csv,13-Apply payment using split check,,,,,13-Apply payment using split check,,,
FindModuleContext_Worklist_Resp_20251104_2020.csv,13-Copy Customer Sales Order,,,,,13-Copy Customer Sales Order,,,
FindModuleContext_Worklist_Resp_20251104_2020.csv,13_Add Freight to Rental,,,,,13_Add Freight to Rental,,,
FindModuleContext_Worklist_Resp_20251104_2020.csv,13_Add Items Using Easy Line Entry,,,,,13_Add Items Using Easy Line Entry,,,
FindModuleContext_Worklist_Resp_20251104_2020.csv,13_Apply Account Credits to Invoice,,,,,13_Apply Account Credits to Invoice,,,
FindModuleContext_Worklist_Resp_20251104_2020.csv,13_Enter Trade Invoice - PO Matches,,,,,13_Enter Trade Invoice - PO Matches,,,
FindModuleContext_Worklist_Resp_20251104_2020.csv,13_Invoicing in ISM,,,,,13_Invoicing in ISM,,,
FindModuleContext_Worklist_Resp_20251104_2020.csv,"14-Add Comments, Notes to Customer Sales Order",,,,,"14-Add Comments, Notes to Customer Sales Order",,,
FindModuleContext_Worklist_Resp_20251104_2020.csv,14-Apply credit to invoice,,,,,14-Apply credit to invoice,,,
FindModuleContext_Worklist_Resp_20251104_2020.csv,14-Create new trade vendor,,,,,14-Create new trade vendor,,,
FindModuleContext_Worklist_Resp_20251104_2020.csv,14_Add Items to Purchase Order Using Advanced Line Entry,,,,,14_Add Items to Purchase Order Using Advanced Line Entry,,,
FindModuleContext_Worklist_Resp_20251104_2020.csv,14_Close SRO,,,,,14_Close SRO,,,
FindModuleContext_Worklist_Resp_20251104_2020.csv,15-Apply account credits to invoice,,,,,15-Apply account credits to invoice,,,
FindModuleContext_Worklist_Resp_20251104_2020.csv,15-Enter trade invoice - PO matches,,,,,15-Enter trade invoice - PO matches,,,
FindModuleContext_Worklist_Resp_20251104_2020.csv,15-Manually Apply Hold and Approve Held Order,,,,,15-Manually Apply Hold and Approve Held Order,,,
FindModuleContext_Worklist_Resp_20251104_2020.csv,15_Add Nonstock Items to a Purchase Order Using Advanced Line Entry,,,,,15_Add Nonstock Items to a Purchase Order Using Advanced Line Entry,,,
FindModuleContext_Worklist_Resp_20251104_2020.csv,15_Apply Misc Cash,,,,,15_Apply Misc Cash,,,
FindModuleContext_Worklist_Resp_20251104_2020.csv,15_Enter Trade Invoice - Add On Charges,,,,,15_Enter Trade Invoice - Add On Charges,,,
FindModuleContext_Worklist_Resp_20251104_2020.csv,16-Print Count Sheets,,,,,16-Print Count Sheets,,,
FindModuleContext_Worklist_Resp_20251104_2020.csv,16-Review Line Item Details,,,,,16-Review Line Item Details,,,
FindModuleContext_Worklist_Resp_20251104_2020.csv,16-Suspend an Order,,,,,16-Suspend an Order,,,
FindModuleContext_Worklist_Resp_20251104_2020.csv,16_Customer Statement Print,,,,,16_Customer Statement Print,,,
FindModuleContext_Worklist_Resp_20251104_2020.csv,16_Enter Trade Invoice - Reconcile Against Multiple POs,,,,,16_Enter Trade Invoice - Reconcile Against Multiple POs,,,
FindModuleContext_Worklist_Resp_20251104_2020.csv,17-Accept Replenishments,,,,,17-Accept Replenishments,,,
FindModuleContext_Worklist_Resp_20251104_2020.csv,17-Apply misc cash,,,,,17-Apply misc cash,,,
FindModuleContext_Worklist_Resp_20251104_2020.csv,17-Enter trade invoice - add-on charges,,,,,17-Enter trade invoice - add-on charges,,,
FindModuleContext_Worklist_Resp_20251104_2020.csv,17-Run WT Entry Recommended Replenishment Action Report,,,,,17-Run WT Entry Recommended Replenishment Action Report,,,
FindModuleContext_Worklist_Resp_20251104_2020.csv,17_Enter Trade Invoice - Partial Receipt (Short Pay),,,,,17_Enter Trade Invoice - Partial Receipt (Short Pay),,,
FindModuleContext_Worklist_Resp_20251104_2020.csv,17_Payment Reversal,,,,,17_Payment Reversal,,,
FindModuleContext_Worklist_Resp_20251104_2020.csv,18-Enter trade invoice - reconcile against multiple POs,,,,,18-Enter trade invoice - reconcile against multiple POs,,,
FindModuleContext_Worklist_Resp_20251104_2020.csv,18-View Consolidation Info in Demand Center,,,,,18-View Consolidation Info in Demand Center,,,
FindModuleContext_Worklist_Resp_20251104_2020.csv,18_Enter Trade Invoice - PO Correction,,,,,18_Enter Trade Invoice - PO Correction,,,
FindModuleContext_Worklist_Resp_20251104_2020.csv,18_Process Overpayment,,,,,18_Process Overpayment,,,
FindModuleContext_Worklist_Resp_20251104_2020.csv,"19-Merge POs, Print POs, Generate Exception Report",,,,,"19-Merge POs, Print POs, Generate Exception Report",,,
FindModuleContext_Worklist_Resp_20251104_2020.csv,19-Release credit hold,,,,,19-Release credit hold,,,
FindModuleContext_Worklist_Resp_20251104_2020.csv,19_Refund Customer via Check,,,,,19_Refund Customer via Check,,,
FindModuleContext_Worklist_Resp_20251104_2020.csv,19_Select Invoices for Payment,,,,,19_Select Invoices for Payment,,,
FindModuleContext_Worklist_Resp_20251104_2020.csv,20-Enter trade invoice - PO correction,,,,,20-Enter trade invoice - PO correction,,,
FindModuleContext_Worklist_Resp_20251104_2020.csv,20-Generate IC Admin Review Cycle Adjustment Report,,,,,20-Generate IC Admin Review Cycle Adjustment Report,,,
FindModuleContext_Worklist_Resp_20251104_2020.csv,20_AP Vendor Entry Pay Invoice Due Report,,,,,20_AP Vendor Entry Pay Invoice Due Report,,,
FindModuleContext_Worklist_Resp_20251104_2020.csv,21-Generate IC Admin Inventory Classification and Rank Report,,,,,21-Generate IC Admin Inventory Classification and Rank Report,,,
FindModuleContext_Worklist_Resp_20251104_2020.csv,21-View Units of Measure,,,,,21-View Units of Measure,,,
FindModuleContext_Worklist_Resp_20251104_2020.csv,21_Print Checks,,,,,21_Print Checks,,,
FindModuleContext_Worklist_Resp_20251104_2020.csv,21_Review Journal,,,,,21_Review Journal,,,
FindModuleContext_Worklist_Resp_20251104_2020.csv,22-Enter Non Stock Product On an Order,,,,,22-Enter Non Stock Product On an Order,,,
FindModuleContext_Worklist_Resp_20251104_2020.csv,22-Select invoices for payment,,,,,22-Select invoices for payment,,,
FindModuleContext_Worklist_Resp_20251104_2020.csv,22_Run Credit Card Receive on Account,,,,,22_Run Credit Card Receive on Account,,,
FindModuleContext_Worklist_Resp_20251104_2020.csv,23-AP Vendor Entry Pay Invoice Due Report,,,,,23-AP Vendor Entry Pay Invoice Due Report,,,
FindModuleContext_Worklist_Resp_20251104_2020.csv,23-Add Catalog Product to Order,,,,,23-Add Catalog Product to Order,,,
FindModuleContext_Worklist_Resp_20251104_2020.csv,23-Review Exception Processing Center Screen,,,,,23-Review Exception Processing Center Screen,,,
FindModuleContext_Worklist_Resp_20251104_2020.csv,23_Invoice Processing,,,,,23_Invoice Processing,,,
FindModuleContext_Worklist_Resp_20251104_2020.csv,24-Add Special Order Product to Sales Order,,,,,24-Add Special Order Product to Sales Order,,,
FindModuleContext_Worklist_Resp_20251104_2020.csv,24-Print checks,,,,,24-Print checks,,,
FindModuleContext_Worklist_Resp_20251104_2020.csv,24_Process Payable Invoice,,,,,24_Process Payable Invoice,,,
FindModuleContext_Worklist_Resp_20251104_2020.csv,25-Enter a Return Order,,,,,25-Enter a Return Order,,,
FindModuleContext_Worklist_Resp_20251104_2020.csv,25-Run AR Roll Balances and assess service charge,,,,,25-Run AR Roll Balances and assess service charge,,,
FindModuleContext_Worklist_Resp_20251104_2020.csv,26-Enter invoice for misc vendor,,,,,26-Enter invoice for misc vendor,,,
FindModuleContext_Worklist_Resp_20251104_2020.csv,29-AR Year End Processing Report,,,,,29-AR Year End Processing Report,,,
FindModuleContext_Worklist_Resp_20251104_2020.csv,CSD Basics,,,,,CSD Basics,,,
FindModuleContext_Worklist_Resp_20251104_2020.csv,Log into UAP,,,,,Log into UAP,,,
FindModuleContext_Worklist_Resp_20251104_2020.csv,New Customer Registration,,,,,New Customer Registration,,,
FindModuleContext_Worklist_Resp_20251104_2020.csv,Quiz Level 1,,,,,Quiz Level 1,,,
FindModuleContext_Worklist_Resp_20251104_2020.csv,Quiz Level 2 | Accounts Payable,,,,,Quiz Level 2 | Accounts Payable,,,
FindModuleContext_Worklist_Resp_20251104_2020.csv,Quiz Level 2 | Accounts Receivable,,,,,Quiz Level 2 | Accounts Receivable,,,
FindModuleContext_Worklist_Resp_20251104_2020.csv,Quiz Level 2 | Pricing,,,,,Quiz Level 2 | Pricing,,,
FindModuleContext_Worklist_Resp_20251104_2020.csv,Quiz Level 2 | Sales,,,,,Quiz Level 2 | Sales,,,
FindModuleContext_Worklist_Resp_20251104_2020.csv,Quiz Level 2 | Warehouse Planning,,,,,Quiz Level 2 | Warehouse Planning,,,
FindModuleContext_Worklist_Resp_20251104_2020.csv,Scott Electric Navigation,,,,,Scott Electric Navigation,,,
FindModuleContext_Worklist_Resp_20251104_2020.csv,UAP 101,,,,,UAP 101,,,
FindModuleContext_Worklist_Resp_20251104_2020.csv,UAP Course Starter,,,,,UAP Course Starter,,,
FindModuleContext_Worklist_Resp_20251104_2020.csv,sales order example,,,,,sales order example,,,
